x1,x2,y,x1_obs,x2_obs,y_obs
9.426637379185744,10.091423200014795,73.79472618282475,9.426637379185744,NA,73.79472618282475
4.391236686874011,14.466733776570953,79.81510931319708,4.391236686874011,14.466733776570953,NA
-2.4679828387652627,14.674957262969844,67.9025852417736,-2.4679828387652627,14.674957262969844,67.9025852417736
0.4396904744170352,10.471344196815819,50.7062925898092,0.4396904744170352,10.471344196815819,50.7062925898092
3.9369335637997844,14.946660510738225,78.89828335262388,3.9369335637997844,14.946660510738225,78.89828335262388
-2.767306938810335,10.649335917049507,45.325625067212,-2.767306938810335,10.649335917049507,NA
-10.019324900389579,13.884671088593425,48.0813032633624,-10.019324900389579,13.884671088593425,48.0813032633624
8.435690793606454,10.758329367032584,66.54284578807699,8.435690793606454,10.758329367032584,66.54284578807699
2.417251538914132,4.869713344852936,22.645695595346968,2.417251538914132,4.869713344852936,22.645695595346968
-4.038623096522017,12.998982750516967,52.17577769582516,-4.038623096522017,NA,52.17577769582516
0.1142301493191675,9.383624524022233,42.34997363647152,0.1142301493191675,9.383624524022233,42.34997363647152
10.667201724758709,8.975329944436169,60.59519410571538,10.667201724758709,8.975329944436169,NA
5.098291050254078,11.910976507227447,70.60956252319146,NA,11.910976507227447,70.60956252319146
-1.5951017503385274,11.920978907741086,53.47620986424309,-1.5951017503385274,11.920978907741086,53.47620986424309
-0.6289462531885383,5.271651356980407,26.324588391698764,-0.6289462531885383,5.271651356980407,26.324588391698764
-6.8334274935134145,3.8679516384583223,7.357226027763216,-6.8334274935134145,3.8679516384583223,7.357226027763216
-4.799255274697561,15.714013439740391,67.40881269088588,-4.799255274697561,15.714013439740391,NA
-2.1837364663831598,15.844957947479793,70.6028764044759,-2.1837364663831598,15.844957947479793,70.6028764044759
3.021143274002669,10.112189421672769,48.00885068332238,3.021143274002669,10.112189421672769,48.00885068332238
-3.5721561113856697,12.39149140836222,54.437111757097675,-3.5721561113856697,12.39149140836222,NA
-10.55689154024982,12.19966361883305,35.487761065870636,-10.55689154024982,12.19966361883305,35.487761065870636
8.273456238579769,7.305439793209915,51.06048629578204,8.273456238579769,7.305439793209915,51.06048629578204
-0.2665696424238738,11.147768306174797,52.3597320358943,-0.2665696424238738,11.147768306174797,52.3597320358943
-0.6020546559989238,11.062375918917965,55.02820783993877,NA,11.062375918917965,NA
-4.05193558113755,9.724129878424693,38.75330349857809,-4.05193558113755,9.724129878424693,38.75330349857809
-7.090084812681175,10.488974294742844,32.45564581119343,-7.090084812681175,10.488974294742844,32.45564581119343
-0.29693596158499197,10.556017107261102,52.17426458047391,-0.29693596158499197,10.556017107261102,52.17426458047391
8.29855379508962,7.685551849886627,50.59916867705258,8.29855379508962,7.685551849886627,50.59916867705258
-5.140637243168548,10.526268934715022,38.54016804595438,-5.140637243168548,10.526268934715022,NA
-3.6460243744053473,9.617766184510902,38.715853177560994,-3.6460243744053473,9.617766184510902,38.715853177560994
4.8666213649863614,10.842469244252797,59.23033723783665,NA,10.842469244252797,NA
5.101893698644632,8.498638109052514,43.7214439655673,5.101893698644632,8.498638109052514,43.7214439655673
6.446942290067701,7.155144627185235,44.92467931546088,6.446942290067701,NA,44.92467931546088
-0.39977352191329,6.95852606958735,28.648512320435074,-0.39977352191329,6.95852606958735,28.648512320435074
4.300181961249608,11.952536729758531,61.81192092426564,4.300181961249608,NA,61.81192092426564
-2.066190068036667,10.163991687740591,42.16345252006453,NA,NA,42.16345252006453
-4.592573940631985,6.995439959294048,21.08884555977243,-4.592573940631985,NA,21.08884555977243
-2.536219212653215,9.79368668317632,37.17742357191507,-2.536219212653215,9.79368668317632,37.17742357191507
3.5939105459117933,6.953215829715231,36.78739582247405,3.5939105459117933,6.953215829715231,36.78739582247405
6.425410978458127,15.574431282050398,83.53289323120647,6.425410978458127,15.574431282050398,83.53289323120647
3.223236480163071,15.439550222791697,80.13974248591728,NA,15.439550222791697,80.13974248591728
8.012858734969063,11.169358127801603,67.48683588926107,NA,11.169358127801603,67.48683588926107
1.7281321284805746,7.835409000986913,38.85664473719076,1.7281321284805746,7.835409000986913,38.85664473719076
-2.306961739809683,6.696789875813725,27.534881297662633,-2.306961739809683,6.696789875813725,27.534881297662633
7.35047927497647,13.240132240813981,79.0338621301486,7.35047927497647,13.240132240813981,79.0338621301486
4.633466423791608,6.006509841745488,34.826807669458184,4.633466423791608,6.006509841745488,34.826807669458184
5.977001094930458,12.970194081461855,73.55499430359612,5.977001094930458,12.970194081461855,73.55499430359612
-3.462208057805822,11.657403334679172,48.08682802850366,-3.462208057805822,11.657403334679172,48.08682802850366
1.2910459309614435,5.061340806009782,22.05967373402413,1.2910459309614435,5.061340806009782,22.05967373402413
-3.6135745459148105,7.516168720627858,29.398370619747777,-3.6135745459148105,7.516168720627858,NA
6.030892363396391,9.86009426309443,60.03608936971971,NA,9.86009426309443,60.03608936971971
7.3259609170321625,6.7287501192803,47.763164141921074,7.3259609170321625,6.7287501192803,NA
3.5834785368626276,10.261120664313264,55.77531791483621,3.5834785368626276,10.261120664313264,55.77531791483621
-2.710959566277883,5.075389635705232,17.48113470285507,-2.710959566277883,5.075389635705232,17.48113470285507
0.6186597057392486,14.997256597843748,76.38746634062626,0.6186597057392486,14.997256597843748,76.38746634062626
3.3350499392942936,3.395244729199378,20.856855177189164,3.3350499392942936,NA,20.856855177189164
-2.9892109020271103,2.181896961431776,-0.7296958626321053,-2.9892109020271103,2.181896961431776,-0.7296958626321053
7.647727431443911,12.034280425263022,71.7146048779813,7.647727431443911,12.034280425263022,71.7146048779813
5.622872622015105,8.783740306395266,51.39265227479715,5.622872622015105,8.783740306395266,51.39265227479715
-5.479238167280246,11.295865414976166,51.02050286900431,-5.479238167280246,11.295865414976166,51.02050286900431
-0.31092425111321936,7.467758263960862,34.890071725220906,-0.31092425111321936,7.467758263960862,34.890071725220906
3.18866801513828,5.9937872503739715,33.441827594885964,3.18866801513828,NA,NA
10.596723493500358,10.189639999766461,69.68430230047194,10.596723493500358,NA,69.68430230047194
-4.48767555663652,10.139701582407849,35.9673130509701,-4.48767555663652,10.139701582407849,35.9673130509701
-12.715348205648384,13.178306776076004,35.53236035121003,-12.715348205648384,13.178306776076004,35.53236035121003
-1.5705120863716726,7.266640294802462,31.695772798303484,-1.5705120863716726,7.266640294802462,31.695772798303484
4.503353777915956,6.7475259867423185,38.38050583122536,4.503353777915956,6.7475259867423185,38.38050583122536
-3.2015213446253665,13.270212980746662,57.29783860803351,-3.2015213446253665,13.270212980746662,57.29783860803351
-4.804364104622298,13.195646664938131,55.95363054007172,-4.804364104622298,13.195646664938131,55.95363054007172
7.479898893978703,9.62932492751697,64.21039676553187,7.479898893978703,9.62932492751697,64.21039676553187
-2.977325573892182,9.7675245096306,41.100913663527365,-2.977325573892182,9.7675245096306,41.100913663527365
3.633974402336337,5.026105318262607,32.14243661603393,3.633974402336337,5.026105318262607,32.14243661603393
0.27605158589514267,6.6041151181027775,25.591544333692973,0.27605158589514267,6.6041151181027775,25.591544333692973
-2.4749078436642504,6.916105158912717,22.044959736743714,-2.4749078436642504,6.916105158912717,22.044959736743714
-5.129959052579682,9.868545978312323,38.31501402646912,-5.129959052579682,9.868545978312323,38.31501402646912
6.110033993670968,10.700831112481929,66.56931515772305,6.110033993670968,10.700831112481929,66.56931515772305
3.6661347929437675,13.15795456585659,70.90478921157064,3.6661347929437675,13.15795456585659,70.90478921157064
-0.06880439187597236,10.872550493585923,50.01700916474242,-0.06880439187597236,10.872550493585923,50.01700916474242
-0.732524096931322,3.812122415909726,16.752824752079952,-0.732524096931322,3.812122415909726,16.752824752079952
8.420697906814837,9.328632419911832,58.92569236450768,8.420697906814837,9.328632419911832,NA
-0.6559744929199945,15.094713458450723,71.65711272808029,-0.6559744929199945,NA,71.65711272808029
-7.156115638089356,14.506152040881648,55.510015844829454,-7.156115638089356,14.506152040881648,55.510015844829454
-2.8219246292577975,10.9361058495043,46.26551628399601,-2.8219246292577975,10.9361058495043,46.26551628399601
0.6808291568622421,8.610377440871206,39.6029740635505,0.6808291568622421,8.610377440871206,39.6029740635505
-3.837499262100742,9.590993569531218,37.46757897357002,-3.837499262100742,9.590993569531218,37.46757897357002
2.1755303016419894,6.764121888588379,36.713120215331884,2.1755303016419894,NA,36.713120215331884
-2.2529318978473687,6.419182988190186,23.66709783133416,-2.2529318978473687,6.419182988190186,23.66709783133416
3.9203334534549663,9.375051668155749,46.90584383302209,3.9203334534549663,9.375051668155749,46.90584383302209
-2.8144706673481057,10.730697381246308,39.307791574741046,-2.8144706673481057,10.730697381246308,39.307791574741046
1.301219811798726,10.848007642799068,59.464352273609514,1.301219811798726,10.848007642799068,59.464352273609514
-0.3679681488022446,11.726624810157544,56.3511941970123,-0.3679681488022446,NA,NA
7.942828777860736,14.341976432257502,87.07300558420175,7.942828777860736,14.341976432257502,87.07300558420175
-6.738501021260209,6.648726248495653,16.236416205410066,-6.738501021260209,6.648726248495653,16.236416205410066
1.9722473665138598,11.96699812664914,59.30215407034548,1.9722473665138598,11.96699812664914,59.30215407034548
-1.0097989938068443,8.43287016691742,33.834904327055924,-1.0097989938068443,8.43287016691742,33.834904327055924
3.2561159897406733,12.038844010683006,59.77291948280885,3.2561159897406733,12.038844010683006,59.77291948280885
-5.733492355399603,1.4758376024057327,0.4113498388264478,-5.733492355399603,1.4758376024057327,NA
-7.721856605442646,8.061080854840796,19.897135992257137,-7.721856605442646,8.061080854840796,19.897135992257137
-4.595207457504046,7.284352172546615,22.29684536037454,-4.595207457504046,NA,22.29684536037454
-8.49161011302298,14.678385970634375,55.968798238733186,-8.49161011302298,14.678385970634375,55.968798238733186
7.247670443285187,11.878631149497854,72.77689180190822,7.247670443285187,11.878631149497854,72.77689180190822
0.016588356548896524,4.527756125488306,17.21363487072048,0.016588356548896524,4.527756125488306,17.21363487072048
-2.0332165903362274,8.4591228723023,38.88060231715443,-2.0332165903362274,8.4591228723023,38.88060231715443
-1.0434886569702577,5.59180343731953,25.13570448757519,-1.0434886569702577,5.59180343731953,25.13570448757519
7.258709564493978,13.888307198058987,78.56383097038533,7.258709564493978,13.888307198058987,78.56383097038533
-1.9038959189162188,10.662430292084666,44.24056685810766,-1.9038959189162188,10.662430292084666,44.24056685810766
3.4138195656743853,10.309352150722052,57.38439536927929,3.4138195656743853,10.309352150722052,NA
0.10655557175317687,14.152436832830583,67.57360819578895,0.10655557175317687,14.152436832830583,67.57360819578895
-11.615661006635404,12.107177157957745,34.09225501110163,-11.615661006635404,12.107177157957745,34.09225501110163
-2.599248308174555,8.40703266355535,33.014817790867454,-2.599248308174555,8.40703266355535,33.014817790867454
5.710787988576055,11.78874807736043,66.64158853664348,5.710787988576055,NA,NA
-4.464271762554325,11.083088858525347,41.46185634784563,-4.464271762554325,11.083088858525347,41.46185634784563
2.5698037998202334,11.853521954724389,61.75306326625232,2.5698037998202334,11.853521954724389,NA
-8.141211878578156,11.557252878436941,37.94552317741621,-8.141211878578156,11.557252878436941,37.94552317741621
2.9802888263206047,10.547115923693633,57.424707004268676,2.9802888263206047,10.547115923693633,57.424707004268676
-2.9740070035122876,7.18128789019771,24.351509367052486,-2.9740070035122876,7.18128789019771,24.351509367052486
8.217181806624975,9.132622174328462,58.58325042543646,8.217181806624975,9.132622174328462,58.58325042543646
1.7564389707067836,11.817737191504147,48.55932258282616,1.7564389707067836,11.817737191504147,48.55932258282616
-1.521178896213442,15.014376486936333,70.33225362532463,-1.521178896213442,15.014376486936333,70.33225362532463
-1.485961897054437,14.832439625390599,65.38332566020068,-1.485961897054437,14.832439625390599,65.38332566020068
10.09002731358376,9.648760728299925,64.43790401608554,10.09002731358376,9.648760728299925,64.43790401608554
-5.821608496539559,11.729503861932209,43.272561712632275,NA,11.729503861932209,43.272561712632275
5.858573014654132,12.83001020422811,75.24701520355991,5.858573014654132,NA,NA
-0.17655638628716494,12.609522324001768,64.20457447333905,-0.17655638628716494,12.609522324001768,64.20457447333905
-8.851947134249796,13.854217891891848,51.9246826859715,-8.851947134249796,13.854217891891848,51.9246826859715
-0.27751113856294635,8.444122691873591,40.797019538848836,-0.27751113856294635,8.444122691873591,NA
-4.2383099909166475,15.276686557517737,67.56203050849945,-4.2383099909166475,15.276686557517737,67.56203050849945
-4.41506337379959,14.852019155548824,58.31419787219424,-4.41506337379959,14.852019155548824,58.31419787219424
-0.09312001724528124,14.523210425497336,70.54122622048855,NA,14.523210425497336,70.54122622048855
-8.53684629322342,10.214996065762099,29.589817164759673,-8.53684629322342,10.214996065762099,29.589817164759673
-7.010645025401385,7.688723524415498,25.08979376465269,-7.010645025401385,7.688723524415498,25.08979376465269
-1.3556360486240888,8.61297322951964,36.37545778579924,-1.3556360486240888,8.61297322951964,36.37545778579924
-2.5212094758428676,6.011664319621712,21.49629352009184,-2.5212094758428676,6.011664319621712,21.49629352009184
-0.7899615282510596,13.206966769272295,61.74604387195876,-0.7899615282510596,13.206966769272295,61.74604387195876
-2.089391378103694,11.74081708753736,52.01579392030739,-2.089391378103694,11.74081708753736,52.01579392030739
-4.566486817508259,7.209841762907554,26.73696873690422,-4.566486817508259,NA,26.73696873690422
2.7580818239055827,6.199988142318922,33.76255828822923,2.7580818239055827,6.199988142318922,33.76255828822923
1.95969039952934,8.605083652857672,42.654100490881746,1.95969039952934,8.605083652857672,42.654100490881746
2.6490142408145423,9.07160071392311,42.364036336637284,2.6490142408145423,NA,42.364036336637284
-0.9089201293487641,14.950148553374595,67.15155788399032,-0.9089201293487641,14.950148553374595,67.15155788399032
2.228542881002922,9.171209797664197,47.553170483177276,2.228542881002922,NA,47.553170483177276
-3.411292205030411,9.504850655298346,34.27875809140392,-3.411292205030411,9.504850655298346,34.27875809140392
1.7238967274072907,14.480006629012184,75.2390506762662,1.7238967274072907,14.480006629012184,NA
-4.906221157400462,8.44815551952732,26.630277976514112,-4.906221157400462,8.44815551952732,26.630277976514112
6.6204223651506044,9.096765916145525,57.39390361458524,6.6204223651506044,9.096765916145525,57.39390361458524
5.6288577047722175,7.3382973242647225,41.77248136333125,5.6288577047722175,7.3382973242647225,41.77248136333125
1.1853878839851522,15.74518339659862,75.84440644103978,1.1853878839851522,15.74518339659862,75.84440644103978
1.0692705474136925,11.04443532740192,59.23283457073549,1.0692705474136925,11.04443532740192,59.23283457073549
-3.7670048146967714,12.286781875544225,51.84829725073273,-3.7670048146967714,12.286781875544225,51.84829725073273
-2.0997956862644678,6.722689846955007,23.82361530250364,-2.0997956862644678,6.722689846955007,23.82361530250364
-8.532459410528798,10.388315393905417,29.176987833503805,-8.532459410528798,10.388315393905417,29.176987833503805
-4.154675346890697,14.484174066093704,60.457202406801336,-4.154675346890697,14.484174066093704,60.457202406801336
-4.600212217892153,11.210335754125829,50.808689539198355,-4.600212217892153,11.210335754125829,50.808689539198355
-0.3823228387138363,5.4548220716484614,22.492511936456776,-0.3823228387138363,5.4548220716484614,22.492511936456776
7.986347766893381,10.55598406947478,67.23020694504214,7.986347766893381,10.55598406947478,67.23020694504214
5.9075678206200894,12.327829127369657,68.64407976709242,5.9075678206200894,12.327829127369657,68.64407976709242
-0.41081643213972335,9.387196228357375,43.24833868082237,-0.41081643213972335,9.387196228357375,NA
3.981957806868595,9.873173625077477,51.783480603185055,3.981957806868595,9.873173625077477,51.783480603185055
-3.187519998421782,7.618971793232412,29.22913766050503,-3.187519998421782,7.618971793232412,29.22913766050503
5.843847507372852,12.864072013326092,74.31901690627626,NA,12.864072013326092,74.31901690627626
-4.597719995456975,9.304986607932026,30.487688930304813,-4.597719995456975,NA,30.487688930304813
-1.4985994155749576,9.200744377985895,43.23690552361527,-1.4985994155749576,9.200744377985895,43.23690552361527
3.0708740415303826,11.19967869168513,54.47115707953238,NA,11.19967869168513,54.47115707953238
7.544510032856806,8.602364864104823,53.615507125586014,7.544510032856806,8.602364864104823,53.615507125586014
0.22396598708049237,11.04163097653931,49.280595900340565,0.22396598708049237,NA,49.280595900340565
-0.3948448223759268,11.090067052874943,53.80630442734167,-0.3948448223759268,11.090067052874943,53.80630442734167
-8.600294263014568,15.443456030452422,59.06030065474359,-8.600294263014568,NA,59.06030065474359
-7.942489138834202,7.057983971956087,13.63453765480005,-7.942489138834202,7.057983971956087,NA
-6.67502725569363,10.131402972197113,33.643342299163095,-6.67502725569363,10.131402972197113,33.643342299163095
3.294076982409291,13.368072518940362,74.81682783311258,3.294076982409291,13.368072518940362,74.81682783311258
1.6745930056094915,9.848282784708669,51.120155770103636,1.6745930056094915,NA,51.120155770103636
-4.8684177662258445,14.582646850645665,55.3015160204405,-4.8684177662258445,14.582646850645665,55.3015160204405
8.790093295009347,9.80591461606598,61.358515665793085,8.790093295009347,9.80591461606598,61.358515665793085
-0.06577910544174373,17.112826775701397,81.03849781916949,-0.06577910544174373,17.112826775701397,81.03849781916949
-0.3100789781542403,12.095774891947444,56.24518473677283,-0.3100789781542403,12.095774891947444,56.24518473677283
-0.8850993221112681,10.692528512950911,45.90355616446119,-0.8850993221112681,10.692528512950911,45.90355616446119
3.030833144770172,16.24314917445539,80.8447138638415,3.030833144770172,16.24314917445539,80.8447138638415
-2.040538084141898,11.693080588473773,49.10276001113836,-2.040538084141898,11.693080588473773,49.10276001113836
2.0648888951302062,12.89552631735286,62.42172494952619,2.0648888951302062,12.89552631735286,62.42172494952619
6.172323641603256,6.7981299779856466,43.78185946737445,6.172323641603256,6.7981299779856466,43.78185946737445
8.946736636737354,13.700357537483166,83.04267069384812,8.946736636737354,13.700357537483166,83.04267069384812
-6.86532524028733,7.995574604716733,22.915260951992206,-6.86532524028733,7.995574604716733,22.915260951992206
0.14264506840088192,12.892105335608873,57.940800427334594,0.14264506840088192,NA,57.940800427334594
5.064149675855902,9.583065500298966,53.72584663479245,5.064149675855902,9.583065500298966,53.72584663479245
-4.7972273882682,8.162737828103868,25.049419107355746,NA,8.162737828103868,25.049419107355746
-0.4728708174010509,8.543472656208666,35.62286917066258,-0.4728708174010509,8.543472656208666,NA
7.543814619840425,8.388758376343453,50.43077815314232,7.543814619840425,8.388758376343453,50.43077815314232
-1.529213586176657,13.045692452397452,55.85807405656688,-1.529213586176657,13.045692452397452,55.85807405656688
1.6519320863380969,8.946504648725476,45.145205992943865,1.6519320863380969,8.946504648725476,45.145205992943865
6.151053408967522,11.067605367665179,68.36551286093389,6.151053408967522,NA,68.36551286093389
-8.246553067322417,4.01022082178898,-1.2774202955683243,-8.246553067322417,4.01022082178898,-1.2774202955683243
5.094621508726766,10.974779545600015,62.73766153070479,5.094621508726766,NA,62.73766153070479
7.774829965756337,5.735417420914855,36.25048545592605,7.774829965756337,NA,NA
-5.200485814637713,3.9769817012477677,9.66210600279571,-5.200485814637713,3.9769817012477677,9.66210600279571
-2.4252488990456578,9.415495286592634,40.73664659384967,NA,9.415495286592634,40.73664659384967
-7.601846270237237,16.05582322703998,64.16883056257132,-7.601846270237237,16.05582322703998,64.16883056257132
-1.1553782222538045,6.599432966360927,23.832059479198865,-1.1553782222538045,6.599432966360927,23.832059479198865
-4.356403682125271,11.885149378019467,49.15555734026274,-4.356403682125271,11.885149378019467,49.15555734026274
-0.8770883520237595,11.31484133999675,47.21571186689497,NA,11.31484133999675,47.21571186689497
-6.647591331106913,4.037700779945971,9.242221060603097,-6.647591331106913,4.037700779945971,9.242221060603097
6.220137522232115,11.39252555912448,61.686500401129926,6.220137522232115,11.39252555912448,61.686500401129926
-2.1116362579405,8.231867302464694,33.32693305305308,-2.1116362579405,8.231867302464694,33.32693305305308
6.992227092526628,4.220083278116974,25.028063383276816,6.992227092526628,4.220083278116974,NA
-0.24692136114082586,3.58520081779986,13.749064161481163,-0.24692136114082586,3.58520081779986,13.749064161481163
1.5629063986777463,6.86856236100513,35.288953137845645,1.5629063986777463,6.86856236100513,35.288953137845645
-9.646733812205623,10.692382379251612,31.586663355699304,-9.646733812205623,10.692382379251612,31.586663355699304
-1.1914522155801863,10.447782971112451,43.49701762626893,-1.1914522155801863,10.447782971112451,NA
-0.6508698373578986,9.984898897627344,45.0199046794599,-0.6508698373578986,9.984898897627344,45.0199046794599
0.15515189666924156,13.654032663368493,63.54940123405487,0.15515189666924156,13.654032663368493,63.54940123405487
9.644950847370268,6.555447360276832,50.732282522709056,9.644950847370268,NA,NA
-4.825640177440046,16.68018202788296,72.43917169141248,-4.825640177440046,16.68018202788296,72.43917169141248
-10.898408955410378,12.842114065767838,38.259595646139275,-10.898408955410378,12.842114065767838,38.259595646139275
-0.08245912781032166,11.390987075402316,54.593295211041394,-0.08245912781032166,11.390987075402316,54.593295211041394
-4.085755578062363,12.733697634168111,54.31163942918241,-4.085755578062363,12.733697634168111,54.31163942918241
-1.5574676677196448,9.316989563832793,44.042951536836654,-1.5574676677196448,9.316989563832793,44.042951536836654
-4.227879642493505,16.009334786881094,73.07214747544441,-4.227879642493505,16.009334786881094,73.07214747544441
2.972503030907183,12.621568508920937,63.96233892108424,NA,12.621568508920937,63.96233892108424
1.6098064818289026,7.727743463340451,43.730088371627176,1.6098064818289026,7.727743463340451,43.730088371627176
0.015850845304637567,17.724621128365218,86.79602107416058,0.015850845304637567,17.724621128365218,86.79602107416058
-8.196164211183763,12.76046423581775,45.15506393880266,-8.196164211183763,12.76046423581775,45.15506393880266
-7.251955119153575,8.660716084819214,30.372638514514854,-7.251955119153575,8.660716084819214,30.372638514514854
-2.327430514988358,11.698838476398983,50.953080514829225,-2.327430514988358,11.698838476398983,NA
5.8183710819638605,10.757041102301347,62.14772826275689,5.8183710819638605,10.757041102301347,62.14772826275689
2.709953360281348,14.95581086036015,77.33795558202496,NA,14.95581086036015,77.33795558202496
-3.389843959371746,14.29075106325584,59.718828432085836,-3.389843959371746,14.29075106325584,59.718828432085836
-4.157863012809395,9.683028740149751,36.835289813067874,-4.157863012809395,9.683028740149751,36.835289813067874
2.4284797956654547,8.537606496850408,42.1951032092144,NA,8.537606496850408,42.1951032092144
0.6596320176402486,6.138557693338803,30.393561661584208,0.6596320176402486,6.138557693338803,30.393561661584208
-0.44559785398004825,5.000325025835492,18.482299936005983,-0.44559785398004825,5.000325025835492,18.482299936005983
-1.5572421177128115,15.967115270061694,79.69390354966662,-1.5572421177128115,15.967115270061694,79.69390354966662
-8.903435629243791,7.593239568285821,15.831979710596926,-8.903435629243791,7.593239568285821,15.831979710596926
-0.36253366130674897,12.032363167277001,57.95436587928432,-0.36253366130674897,12.032363167277001,57.95436587928432
-10.487992705493179,15.891438689138646,59.237423159748765,-10.487992705493179,15.891438689138646,59.237423159748765
-7.789435963806692,11.382184481809023,37.31676642895405,NA,11.382184481809023,37.31676642895405
-3.8744559107953442,10.591026318755697,47.45835687153885,-3.8744559107953442,10.591026318755697,47.45835687153885
-10.626252616335787,5.1463266544133,5.729066666278804,-10.626252616335787,5.1463266544133,5.729066666278804
1.7136236752242788,7.193950701989873,36.21600794960973,1.7136236752242788,7.193950701989873,36.21600794960973
7.52725026390276,10.961472630258582,67.74150420605561,7.52725026390276,10.961472630258582,67.74150420605561
-0.8787428415172495,12.656347303785015,61.408738727960596,-0.8787428415172495,12.656347303785015,61.408738727960596
-1.063083310356388,10.09119038919563,47.941396465662045,-1.063083310356388,10.09119038919563,47.941396465662045
3.1908682990352686,8.365155728877873,40.95884885432411,3.1908682990352686,8.365155728877873,40.95884885432411
-8.192390285714463,6.966716847428086,15.948723924481591,-8.192390285714463,6.966716847428086,15.948723924481591
2.017991843277223,13.944464369516236,69.43905922600929,2.017991843277223,13.944464369516236,69.43905922600929
0.9450534054408587,10.8359439159299,54.265707854516975,0.9450534054408587,10.8359439159299,54.265707854516975
2.3686249978717715,8.530554153585872,43.104177452781464,2.3686249978717715,8.530554153585872,43.104177452781464
7.454186651380818,12.644905843033083,75.06626339406253,7.454186651380818,12.644905843033083,75.06626339406253
-6.75224428979043,12.742573393200448,44.98931504564026,-6.75224428979043,NA,44.98931504564026
-2.455736262847431,1.8015645504675089,-0.03691405353115873,NA,1.8015645504675089,-0.03691405353115873
-6.0483325503655685,9.602636358946434,34.51687066259108,NA,9.602636358946434,34.51687066259108
1.2894691887728393,8.43687149072592,43.67121786326978,1.2894691887728393,8.43687149072592,43.67121786326978
-2.921246983929684,14.064917264263322,62.06740431189952,-2.921246983929684,14.064917264263322,62.06740431189952
7.9230978961788,10.653216211206619,65.90234095815761,7.9230978961788,10.653216211206619,65.90234095815761
8.295445716612566,6.807021217964916,42.48600581502616,8.295445716612566,6.807021217964916,42.48600581502616
-3.4099398844481037,8.96192011869655,34.78022248703985,-3.4099398844481037,8.96192011869655,34.78022248703985
-4.595463107175413,7.885295589675993,29.561920092816305,-4.595463107175413,7.885295589675993,29.561920092816305
4.169887792048626,5.833797099376084,35.95409930019951,NA,5.833797099376084,35.95409930019951
1.2799429580485453,15.506537441236597,75.40003021723999,1.2799429580485453,15.506537441236597,75.40003021723999
-1.3525958875455353,11.183413068706184,50.396934375844964,NA,11.183413068706184,50.396934375844964
-5.514163067426185,3.578222920199999,1.1860866913959582,NA,3.578222920199999,1.1860866913959582
3.302102183053119,11.490613103847965,55.68920999201683,3.302102183053119,11.490613103847965,55.68920999201683
-0.8133667058743628,8.850981789581166,39.23186837174489,NA,8.850981789581166,39.23186837174489
7.05548963597961,8.796332318593494,50.32290322899913,7.05548963597961,8.796332318593494,50.32290322899913
4.749701362938323,5.293208442246865,31.93963669048686,4.749701362938323,NA,31.93963669048686
3.984907707738359,8.038994719725963,46.56588550927792,NA,8.038994719725963,46.56588550927792
-2.7872187956162775,5.9028540714254865,19.855965813456475,-2.7872187956162775,5.9028540714254865,NA
1.437581539683464,13.698743822344586,68.8605359237117,1.437581539683464,13.698743822344586,68.8605359237117
-2.3648087133105684,7.416716568871128,27.79396670280677,-2.3648087133105684,7.416716568871128,27.79396670280677
3.6352513389490526,5.291906865377978,30.1761015565632,3.6352513389490526,NA,30.1761015565632
11.548883633319848,5.008945022106657,41.89148415174788,11.548883633319848,NA,41.89148415174788
-0.2980404573036704,4.40709157214139,17.69711116562309,-0.2980404573036704,4.40709157214139,17.69711116562309
-2.8605963232003666,11.085186710094352,45.50486167710167,-2.8605963232003666,11.085186710094352,45.50486167710167
-3.591639594118201,11.928940725436336,52.12887241823802,-3.591639594118201,11.928940725436336,52.12887241823802
-2.601436189276527,7.771188885096348,32.745164940067255,-2.601436189276527,7.771188885096348,32.745164940067255
-6.6215137021227495,7.835250538733767,20.769657488472646,-6.6215137021227495,7.835250538733767,20.769657488472646
5.103060677217886,17.038568578341277,89.23538768386648,5.103060677217886,17.038568578341277,89.23538768386648
-4.453403531496164,14.340377774987587,61.06670951038893,-4.453403531496164,14.340377774987587,61.06670951038893
-4.473139454286058,10.776452975027638,41.344090826983816,-4.473139454286058,10.776452975027638,41.344090826983816
1.387050148310698,9.430753204399476,43.026845990729036,1.387050148310698,9.430753204399476,43.026845990729036
0.3390172025145092,12.132707929265296,59.62166188374186,0.3390172025145092,12.132707929265296,59.62166188374186
1.0388362839505603,8.348204697935072,41.87848790027769,1.0388362839505603,8.348204697935072,41.87848790027769
2.1902803642879705,9.084976316185395,45.66954543850438,2.1902803642879705,9.084976316185395,45.66954543850438
-8.046728293192219,11.526418244149477,37.52719672795079,-8.046728293192219,11.526418244149477,37.52719672795079
4.608254640105814,13.14501949335984,71.98523055542753,4.608254640105814,13.14501949335984,71.98523055542753
-1.7135951761115062,13.108447179626232,56.946517312149645,-1.7135951761115062,13.108447179626232,NA
-9.820266497135643,10.151253955120058,28.69412869735664,-9.820266497135643,10.151253955120058,28.69412869735664
-2.622930919776997,12.280265860170067,51.804829984356516,-2.622930919776997,12.280265860170067,51.804829984356516
-4.72760529428055,7.992322358855577,27.615718716806956,-4.72760529428055,7.992322358855577,27.615718716806956
-0.5460305287620819,10.841166346101588,45.11646306348149,-0.5460305287620819,10.841166346101588,45.11646306348149
-2.364910948192534,12.016067626534763,47.11443443096921,-2.364910948192534,12.016067626534763,47.11443443096921
1.7233334899375243,9.242942236861426,41.97738079384132,NA,9.242942236861426,41.97738079384132
-1.6883859550234093,9.68020287872717,43.26590381147012,-1.6883859550234093,9.68020287872717,43.26590381147012
3.1031043619015892,5.726716239083664,37.9567876653304,3.1031043619015892,5.726716239083664,37.9567876653304
-0.8863716883624095,13.974228161076478,65.8801146969879,-0.8863716883624095,13.974228161076478,65.8801146969879
5.473695830776423,10.035200113520172,62.74402749491189,5.473695830776423,10.035200113520172,62.74402749491189
-4.2796970387701,12.352527333398964,47.367843514889074,-4.2796970387701,12.352527333398964,47.367843514889074
5.356963731999901,6.928952121842622,45.246609453526126,5.356963731999901,6.928952121842622,45.246609453526126
1.2958648326424722,9.70255607678806,53.18213237321213,1.2958648326424722,NA,53.18213237321213
1.6085100250073991,8.481395112973924,42.157172981408365,1.6085100250073991,8.481395112973924,42.157172981408365
-6.743145822589699,10.974285130615483,40.95979159083413,-6.743145822589699,10.974285130615483,40.95979159083413
-0.3014438592750621,7.80599994753347,34.125120647715526,-0.3014438592750621,7.80599994753347,34.125120647715526
